{
  "project_info": {
    "project_number": "962628914425",
    "firebase_url": "https://mybottom-4b333.firebaseio.com",
    "project_id": "mybottom-4b333",
    "storage_bucket": "mybottom-4b333.appspot.com"
  },
  "client": [
    {
      "client_info": {
        "mobilesdk_app_id": "1:962628914425:android:924468ca8afeacd8",
        "android_client_info": {
          "package_name": "com.example.chandruark.mybottom"
        }
      },
      "oauth_client": [
        {
          "client_id": "962628914425-9mv96fil09rdhn3r8d6b3oivf740u77n.apps.googleusercontent.com",
          "client_type": 3
        }
      ],
      "api_key": [
        {
          "current_key": "AIzaSyDDit-hxjlyA76NwBkQgwkRHOG83VwU8DI"
        }
      ],
      "services": {
        "analytics_service": {
          "status": 1
        },
        "appinvite_service": {
          "status": 1,
          "other_platform_oauth_client": []
        },
        "ads_service": {
          "status": 2
        }
      }
    }
  ],
  "configuration_version": "1"
}